{
    "images": [],
    "geometries": [{
        "uuid": "59FAD6EF-B53D-44C0-934B-0BC4C4F48DC6",
        "data": {
            "faces": [1,1,0,4,5,1,5,6,2,1,1,6,7,3,2,1,0,3,7,4,1,0,1,2,3,1,7,6,5,4,1,8,9,10,11,1,15,14,38,39,1,12,13,19,18,1,9,13,14,10,1,14,15,23,22,1,12,8,11,15,1,16,18,19,17,1,13,9,17,19,1,8,12,18,16,1,9,8,16,17,1,22,23,27,26,1,15,11,21,23,1,10,14,22,20,1,11,10,20,21,1,27,31,35,33,1,23,21,25,27,1,20,22,26,24,1,21,20,24,25,1,28,30,31,29,1,27,25,29,31,1,24,26,30,28,1,25,24,28,29,1,32,33,35,34,1,30,26,32,34,1,31,30,34,35,1,26,27,33,32,1,36,39,38,37,1,14,13,37,38,1,12,15,39,36,1,13,12,36,37],
            "vertices": [2.755486488342285,-4.3294997215271,1.3398704528808594,-2.129611015319824,4.171542644500732,1.3398704528808594,-1.8304524421691895,4.3434529304504395,1.3398704528808594,3.05464506149292,-4.157589435577393,1.3398704528808594,2.755486488342285,-4.3294997215271,1.4032196998596191,-2.129611015319824,4.171542644500732,1.4032196998596191,-1.8304524421691895,4.3434529304504395,1.4032196998596191,3.05464506149292,-4.157589435577393,1.4032196998596191,2.080617904663086,0.9999999403953552,-1.0,2.080617904663086,-1.0,-1.0,-1.0000001192092896,-0.9999998211860657,-1.0,-0.9999996423721313,1.0000003576278687,-1.0,2.080618381500244,0.999999463558197,1.0,2.0806171894073486,-1.0000005960464478,1.0,-1.0000003576278687,-0.9999996423721313,1.0,-0.9999999403953552,1.0,1.0,3.765660047531128,0.4198521375656128,-1.058972954750061,3.765660047531128,-0.41985297203063965,-1.058972954750061,4.127519607543945,0.4198518991470337,-0.22073888778686523,4.127518177032471,-0.41985321044921875,-0.22073888778686523,-2.032148838043213,-0.23999717831611633,0.1330963373184204,-2.032148599624634,0.2399982213973999,0.1330963373184204,-2.032149076461792,-0.23999714851379395,0.799022912979126,-2.032148838043213,0.23999811708927155,0.799022912979126,-6.2625274658203125,-0.1005897969007492,0.5103374719619751,-6.2625274658203125,0.10059501230716705,0.5103374719619751,-6.2625274658203125,-0.10058978199958801,0.7894532680511475,-6.2625274658203125,0.10059496760368347,0.7894532680511475,-6.907233238220215,-0.1005897969007492,0.5103374719619751,-6.907233238220215,0.10059501230716705,0.5103374719619751,-6.907233238220215,-0.10058978199958801,0.7894532680511475,-6.907233238220215,0.10059496760368347,0.7894532680511475,-6.494779586791992,-0.10058978199958801,1.5209780931472778,-6.494779586791992,0.10059496760368347,1.5209780931472778,-6.907233238220215,-0.10058978199958801,1.5209780931472778,-6.907233238220215,0.10059496760368347,1.5209780931472778,0.9344762563705444,0.25590115785598755,1.2343933582305908,0.9344760179519653,-0.2559018135070801,1.2343933582305908,0.1461414098739624,-0.255901575088501,1.2343933582305908,0.1461416482925415,0.2559012770652771,1.2343933582305908],
            "metadata": {
                "faces": 36,
                "generator": "io_three",
                "vertices": 40,
                "version": 3
            },
            "name": "CubeGeometry.2"
        },
        "type": "Geometry"
    }],
    "object": {
        "uuid": "6EB8B77C-C55D-4472-9F9D-EE185B2560B2",
        "children": [{
            "type": "Mesh",
            "name": "Cube",
            "uuid": "E5C0CD5F-5766-4ED5-A857-EE0166266BCE",
            "position": [0.0,0.0,0.0],
            "rotation": [-1.5707964897155762,0.0,0.0],
            "scale": [1.0,0.9999999403953552,0.9999999403953552],
            "visible": true,
            "castShadow": true,
            "receiveShadow": true,
            "geometry": "59FAD6EF-B53D-44C0-934B-0BC4C4F48DC6"
        }],
        "type": "Scene",
        "matrix": [1,0,0,0,0,1,0,0,0,0,1,0,0,0,0,1]
    },
    "textures": [],
    "metadata": {
        "sourceFile": "heli_2.blend",
        "version": 4.3,
        "type": "Object",
        "generator": "io_three"
    },
    "materials": []
}